601815,AA48Z,100300,1003,,,BT,Example CSV upload ,,,,MSM450,-6057
660830,AA48Z,100300,,,,BT,Example CSV upload ,,,,MSM451,6057
601815,AA48Z,100300,1003,,,BT,Example CSV upload ,,,,MSM452,-6057
601815,AA48Z,100300,,,,BT,Example CSV upload ,,,,MSM453,6057
601815,AA48Z,100300,1003,,,BT,Example CSV upload ,,,,MSM454,-6057
660830,AA48Z,100300,,,,BT,Example CSV upload ,,,,MSM455,6057
601815,AA48Z,100300,1003,,,BT,Example CSV upload ,,,,MSM456,-6057
660830,AA48Z,100300,,,,BT,Example CSV upload ,,,,MSM457,6057
601815,AA48Z,100300,1003,,,BT,Example CSV upload ,,,,MSM458,-6057
660830,AA48Z,100300,,,,BT,Example CSV upload ,,,,MSM459,6057
601815,AA48Z,100300,1003,,,BT,Example CSV upload ,,,,MSM460,-6057
660830,AA48Z,100300,,,,BT,Example CSV upload ,,,,MSM461,6057
601815,AA48Z,100300,1003,,,BT,Example CSV upload ,,,,MSM462,-6057
601815,AA48Z,100300,,,,BT,Example CSV upload ,,,,MSM463,6057
601815,AA48Z,100300,1003,,,BT,Example CSV upload ,,,,MSM464,-6057
601815,AA48Z,100300,,,,BT,Example CSV upload ,,,,MSM465,6057
601815,AA48Z,100300,1003,,,BT,Example CSV upload ,,,,MSM466,-6057
601815,AA48Z,100300,,,,BT,Example CSV upload ,,,,MSM467,6057
601815,AA48Z,100300,1003,,,BT,Example CSV upload ,,,,MSM468,-6057
601815,AA48Z,100300,,,,BT,Example CSV upload ,,,,MSM469,6057
601815,AA48Z,100300,1003,,,BT,Example CSV upload ,,,,MSM470,-6057
601815,AA48Z,100300,,,,BT,Example CSV upload ,,,,MSM471,6057